{"cameraMode":{"drawMode":0,"name":"Shaded","section":"Shading Mode"},"sceneLighting":false,"audioPlay":false,"sceneViewState":{"showFog":true,"showMaterialUpdate":false,"showSkybox":true,"showFlares":true,"showImageEffects":true,"showParticleSystems":true},"in2DMode":false,"pivot":{"x":0.7738174796104431,"y":0.8766961097717285,"z":-9.164013862609864},"rotation":{"x":0.36889004707336428,"y":0.0284370519220829,"z":-0.011292211711406708,"w":0.928970456123352},"size":7.302182197570801,"orthographic":false}